Raum 311,r311c00,10.3.11.0,ec:b1:d7:68:e0:40
Raum 311,r311c01,10.3.11.1,ec:b1:d7:6b:a6:9a
Raum 311,r311c02,10.3.11.2,ec:b1:d7:68:67:08
Raum 311,r311c03,10.3.11.3,ec:b1:d7:68:64:ae
Raum 311,r311c04,10.3.11.4,ec:b1:d7:69:8c:29
Raum 311,r311c05,10.3.11.5,ec:b1:d7:63:e9:ea
Raum 311,r311c06,10.3.11.6,ec:b1:d7:6a:d3:87
Raum 311,r311c07,10.3.11.7,ec:b1:d7:67:fb:10
Raum 311,r311c08,10.3.11.8,ec:b1:d7:68:66:ad
Raum 311,r311c09,10.3.11.9,00:19:99:89:5d:46
Raum 311,r311c10,10.3.11.10,00:19:99:89:5d:e7
Raum 311,r311c11,10.3.11.11,ec:b1:d7:6a:dc:87
Raum 311,r311c12,10.3.11.12,ec:b1:d7:69:8c:a7
Raum 311,r311c13,10.3.11.13,ec:b1:d7:6b:72:f4
Raum 311,r311c14,10.3.11.14,ec:b1:d7:68:67:96
Raum 311,r311c15,10.3.11.15,ec:b1:d7:64:28:d1
Raum 311,r311c16,10.3.11.16,ec:b1:d7:69:dd:df
Raum 311,r311c17,10.3.11.17,ec:b1:d7:65:08:e0
Raum 311,r311c18,10.3.11.18,00:19:99:8a:bc:28
Raum 311,r311c19,10.3.11.19,00:19:99:a0:8e:e4
Raum 311,r311c20,10.3.11.20,00:19:99:a0:8e:2b
